Grade,Avg Growth Rate
mid,0.4304168683871466
high,0.3012276623567431
low,0.09411072195149511
