year,month,prediction
2023,1,3.5977273296794415E7
2023,2,2.944353122679733E7
2023,3,2.9234980447258238E7
2023,4,3.5229037057764165E7
2023,5,3.8569329329445936E7
2023,6,3.8631499359541126E7
2023,7,3.683468920591751E7
2023,8,4.125448492605152E7
2023,9,3.9387025899337456E7
2023,10,3.964955448218994E7
