Bottle Size,Avg Growth Rate
s,0.19168455527384257
m,0.1453686677142544
l,0.04812059211792776
